1694790,1253691,1575189,1610118,1578753,1505828,1516259,1740732,1405982,1503836,1606140,1420123,1326002,1494704,1404851,1528068,1485093,1270228,1546422,1565257,1470881,1662247,1634662,1426280,1409141,1447338,1407762,1438999,1502833,1566898,1561844,1619258,1595839,1450401,1409206,1432425,1571711,1668887,1459130,1349777,1437561,1568625,1618589,1382737,1443992,1490132,1544805,1381311,1587541,1613718,1584485,1405383,1444145,1438283,1448882,1437856,1423019,1605238,1437398,1563578,1563700,1468341,1319251,1504076,1487027,1601658,1541440,1485717,1449102,1565763,1530112,1533808,1675867,1500280,1477543,1708098,1470200,1372782,1486988,1677119,1517485,1375816,1579404,1591950,1610795,1632393,1514825,1582794,1417810,1527486,1661048,1572461,1773886,1609280,1714041,1526365,1463576,1465702,1477640,1599606
1780224,1555208,1681550,1707634,1805140,1823418,1713420,1867265,1542457,1728423,1829933,1516112,1570566,1783802,1690965,1702981,1741412,1509487,1850398,1715209,1625753,1736789,1854039,1649643,1561932,1685277,1645824,1566337,1593869,1725247,1812948,1838069,1821290,1660540,1602678,1586345,1691857,1817143,1827717,1641874,1554654,1780064,1738666,1584422,1555501,1771681,1631225,1535507,1790579,1845942,1855916,1684777,1734074,1602894,1709505,1698482,1454218,1700564,1644977,1804853,1817016,1691669,1645783,1696919,1687872,1707874,1777853,1718279,1616150,1872767,1695805,1771538,1862644,1608438,1525112,1891899,1658226,1638252,1617478,1804829,1699597,1488630,1742298,1754518,1861006,1839622,1640999,1737731,1691859,1803457,1743358,1762499,1823406,1784620,1828753,1757099,1736101,1738133,1768785,1775757
1808980,1652422,1689106,1700591,1914383,1800987,1772562,1873364,1643469,1617573,1810756,1522092,1588965,1840556,1770892,1679228,1670662,1492077,1811174,1806071,1714333,1690759,1928023,1714499,1556949,1658803,1660853,1635694,1663372,1762247,1875313,1711014,1931000,1727274,1639832,1697027,1694600,1827183,1766307,1633540,1610914,1776084,1737464,1498989,1644971,1752365,1504869,1595460,1806506,1894502,1879923,1759712,1732232,1597132,1620346,1679032,1536089,1734363,1633352,1781363,1806550,1717365,1635775,1742513,1711021,1762972,1716051,1786624,1632595,1809320,1698409,1725360,1879165,1707939,1719218,1950349,1820754,1675358,1642525,1700568,1829106,1515872,1782190,1717140,1841639,1920100,1640604,1769197,1676570,1797941,1664338,1837054,1910095,1817625,1742239,1735585,1830763,1745852,1740450,1819812
1624881,1490732,1475646,1556451,1770027,1632948,1578971,1725864,1434463,1512221,1614331,1473545,1464897,1578071,1664651,1634994,1611978,1428209,1854244,1655576,1494811,1694276,1655939,1529452,1501963,1629668,1560365,1550697,1578831,1642010,1812179,1540261,1691571,1482525,1476130,1522987,1679501,1792832,1722661,1524050,1545580,1743535,1628475,1389709,1400976,1653918,1420642,1496994,1727563,1721379,1851186,1575964,1502701,1505079,1669994,1537320,1482663,1587922,1532184,1667584,1740712,1665477,1504068,1649557,1626560,1515178,1627917,1660106,1536820,1799100,1601025,1685854,1745031,1480972,1756164,1786895,1550346,1555396,1348507,1468424,1531229,1473957,1635194,1561789,1743718,1782688,1557043,1707562,1618485,1549094,1622915,1586788,1871268,1736590,1653511,1705324,1642861,1714241,1614027,1663574
1773862,1552939,1677810,1765491,1892983,1751472,1789099,1903237,1526581,1709516,1674769,1519455,1410696,1700796,1539610,1790920,1764628,1457123,1698022,1623861,1571425,1713616,1737859,1540159,1645695,1677398,1603217,1650002,1589549,1811592,1901969,1591448,1734469,1573674,1542823,1600770,1744061,1807621,1662206,1490174,1573753,1659173,1728943,1466222,1512492,1657223,1581659,1550661,1804719,1779459,1814598,1763163,1678611,1592809,1730881,1571496,1631587,1667997,1616577,1815582,1757610,1580598,1458530,1644225,1705527,1686960,1801016,1715966,1576088,1812373,1725202,1723829,1836246,1616471,1657170,1756687,1644716,1529087,1661408,1705591,1800513,1549641,1814827,1672433,1797631,1737765,1691252,1719918,1675746,1636581,1685660,1611778,1891488,1747101,1685867,1810001,1732017,1734101,1668163,1641884
1739776,1551174,1683776,1648114,1893304,1799658,1714402,1834379,1455493,1553758,1626420,1555100,1545550,1764574,1643984,1637409,1691594,1370596,1718738,1792231,1610784,1738407,1791592,1634040,1535064,1540607,1519799,1703375,1652048,1658326,1772313,1650421,1745501,1595557,1536026,1516798,1779680,1866636,1711473,1563822,1568468,1707564,1622441,1419222,1569143,1543027,1534939,1477455,1698033,1871382,1754409,1711472,1566610,1635782,1630537,1675265,1471748,1563801,1655471,1747415,1801296,1664625,1470729,1810277,1515784,1705037,1745365,1702673,1547402,1775188,1673732,1696145,1778188,1582869,1578911,1835774,1664864,1642174,1541922,1686718,1750047,1282431,1737845,1697509,1833434,1885155,1640649,1602657,1606991,1783246,1686701,1693532,1853151,1774834,1630962,1683987,1775073,1755351,1658548,1630824
1479919,1395503,1440479,1466096,1675108,1551145,1516098,1554874,1314909,1508105,1574513,1390095,1335641,1526486,1442932,1523196,1514651,1294476,1568339,1612141,1420556,1512047,1615172,1509773,1314437,1452883,1474867,1404697,1439264,1378800,1652008,1435099,1665617,1521310,1403483,1472797,1600407,1597710,1446508,1368088,1344171,1407704,1470588,1392996,1442781,1493438,1501721,1307652,1460288,1666736,1619355,1591725,1549331,1394369,1617627,1554093,1349120,1403002,1558115,1627529,1605968,1479165,1416724,1589238,1506486,1615158,1613448,1518240,1408138,1614832,1480371,1551952,1571843,1572376,1468751,1617223,1612767,1372901,1452844,1564416,1560941,1303340,1672912,1521116,1528305,1641069,1392810,1530388,1494357,1588751,1476952,1424105,1650151,1656633,1531357,1547947,1532744,1435869,1522620,1584240
1640637,1387092,1514725,1661929,1713674,1630202,1646556,1782962,1481540,1506865,1512881,1352586,1408609,1535209,1468470,1453483,1620026,1321654,1679758,1691630,1461683,1597748,1602138,1461476,1486655,1523131,1505185,1456531,1478630,1594151,1753127,1572576,1670208,1554973,1358304,1525827,1587516,1670584,1442124,1423508,1528686,1563086,1516532,1351968,1437196,1556621,1400768,1470241,1562474,1593868,1681496,1583862,1566758,1418256,1520809,1450866,1365819,1499457,1533800,1627487,1735554,1570695,1399596,1469247,1607775,1577570,1664116,1633221,1411471,1738176,1512602,1601625,1648713,1557956,1572175,1710110,1589598,1434707,1444204,1660996,1607649,1445648,1631273,1519419,1597495,1729960,1500527,1590516,1417011,1620360,1588783,1596655,1765948,1680400,1610210,1559293,1617675,1636559,1590905,1589093
1842700,1662104,1608310,1681776,1964691,1785346,1729627,1833363,1514843,1659674,1607112,1594125,1534560,1708465,1595833,1806252,1651575,1398345,1740802,1621731,1618032,1742056,1766922,1607633,1565428,1611015,1611767,1667041,1605198,1627334,1866264,1605961,1684401,1528460,1515643,1674536,1681712,1929065,1662137,1582748,1671055,1750180,1772527,1423892,1654210,1698569,1547759,1504644,1767296,1801331,1887032,1796346,1599695,1550101,1673857,1554012,1586350,1652571,1569023,1748504,1776376,1648223,1466469,1772399,1701459,1671714,1698039,1737073,1624568,1838214,1699872,1642603,1743232,1688720,1628315,1808863,1617110,1534489,1498482,1683339,1760935,1537520,1808712,1713730,1828690,1847458,1655996,1777542,1555956,1651013,1766620,1619132,1885559,1808093,1695250,1700875,1725692,1702365,1678975,1691203
1700255,1574772,1643118,1612415,1860519,1662162,1718955,1844169,1517546,1617016,1717269,1406321,1536438,1612904,1460564,1708455,1614585,1356228,1783073,1680047,1636030,1665112,1753239,1626069,1623974,1573500,1607685,1666004,1500480,1738595,1935176,1560337,1702012,1588455,1523616,1600072,1655886,1716630,1602361,1566687,1450173,1595010,1598223,1452258,1427844,1681360,1494713,1445028,1636322,1708856,1771944,1602828,1681135,1537439,1595166,1550269,1519267,1579093,1576061,1749518,1694559,1586859,1550656,1541293,1724957,1569918,1721559,1720686,1557433,1724629,1628795,1754892,1738208,1627505,1553856,1762731,1740770,1445887,1518268,1685053,1751386,1490002,1736533,1532150,1723094,1690378,1592095,1622214,1459894,1565480,1641905,1718119,1889079,1700090,1647609,1669498,1689425,1681609,1711302,1608299
1911342,1752779,1844134,1872282,2042293,1913450,1930502,1916295,1727468,1737051,1905385,1656980,1539448,1936784,1811563,1889838,1805075,1551258,1982203,1832960,1800637,1880691,1971246,1783044,1646270,1783029,1824740,1785102,1735236,1717531,1995694,1661489,1888451,1687228,1708474,1787093,1824021,1889902,1718649,1745755,1686483,1897102,1848169,1568085,1711825,1928191,1757967,1706772,1881166,2058396,2016749,1770994,1796869,1740212,1733538,1879601,1711613,1797610,1835054,1909390,1935978,1781775,1627884,1925690,1753642,1924376,1863219,1900705,1658108,1969684,1863935,1886142,1948780,1775797,1791974,1996854,1806754,1730210,1714703,1819158,1908646,1634131,2040408,1891201,1866283,1977711,1847358,1813076,1729394,1780872,1790882,1838156,2024042,1936792,1920379,1893680,1927550,1795459,1784548,1899239
1799445,1630253,1574020,1788733,1952200,1773364,1861301,1986900,1514183,1722123,1760348,1700103,1493105,1695956,1662241,1691923,1689105,1540273,1749840,1743349,1654467,1766209,1842276,1613060,1690866,1805229,1690379,1665683,1695235,1711880,1926603,1628169,1769638,1688639,1633102,1653229,1660996,1919354,1712359,1555420,1707526,1731884,1767113,1467430,1607604,1733008,1577970,1504065,1771062,1823244,1867850,1763880,1689832,1649203,1729251,1676404,1550088,1685050,1743340,1930535,1804850,1723387,1432321,1751787,1752376,1835445,1858665,1752813,1596700,1912067,1738465,1702604,1881725,1598517,1705602,2023079,1743136,1615642,1551149,1692310,1675844,1571985,1784418,1696250,1842598,1975884,1679736,1716520,1667272,1749090,1678199,1645741,1907377,1907006,1694649,1765512,1742173,1665534,1802564,1798761
1635201,1567800,1535189,1559857,1908883,1587002,1645578,1717247,1411202,1560322,1532640,1421949,1401271,1645282,1390655,1658832,1522140,1338712,1577177,1640470,1473637,1609013,1658347,1515680,1509267,1444269,1524775,1585726,1497774,1585066,1754493,1506645,1592900,1623252,1433806,1438959,1650996,1728842,1510650,1483924,1527054,1608652,1536591,1343416,1522656,1552371,1474230,1426218,1722909,1685454,1632207,1612288,1612976,1422039,1593145,1544028,1361770,1583936,1463646,1555883,1648342,1506386,1396531,1594518,1576193,1582205,1617411,1550578,1504604,1681159,1623772,1597814,1732648,1519867,1530683,1746765,1459700,1427856,1462669,1665603,1603851,1432626,1696549,1613355,1692857,1723101,1542890,1607893,1444451,1608963,1583403,1635342,1709365,1618368,1511767,1582150,1669183,1519307,1580736,1579213
1575448,1337241,1343166,1394067,1550468,1515120,1549153,1699780,1303699,1422731,1496627,1379621,1277541,1480995,1406962,1392109,1328135,1266679,1541812,1417827,1426623,1486612,1626839,1339177,1356543,1415906,1399061,1357373,1395191,1433284,1666174,1437781,1456270,1377216,1281420,1423340,1371200,1623510,1461560,1374813,1430733,1474962,1474576,1351686,1420184,1484089,1309923,1312925,1464257,1531333,1584512,1538250,1441522,1377210,1374378,1352609,1404834,1479354,1480456,1520800,1554288,1434848,1282604,1459450,1470079,1536652,1513736,1490966,1272937,1613960,1444247,1342829,1545540,1520147,1366016,1606758,1520925,1307701,1307825,1407875,1470060,1349678,1457345,1454283,1590994,1555971,1459351,1511962,1388805,1499499,1536972,1417165,1678289,1570184,1536917,1501199,1454502,1371750,1506998,1535979
1847325,1639341,1671918,1535789,1816054,1808423,1731628,1781701,1596068,1509157,1779635,1518371,1450567,1734908,1707665,1718008,1761332,1433121,1889955,1815981,1627587,1763880,1867381,1632083,1488517,1669277,1603478,1627772,1611979,1590392,1836587,1649921,1849528,1600489,1636923,1576146,1738863,1853857,1718627,1573469,1584492,1705612,1743835,1435859,1630862,1838026,1629985,1588842,1730286,1816964,1900221,1675480,1724943,1608941,1671234,1630431,1571447,1651120,1631802,1740027,1764102,1720811,1551078,1704035,1663106,1691642,1715904,1699151,1577149,1779879,1708846,1739132,1852483,1615221,1652765,1860601,1679273,1591948,1632817,1816278,1705029,1592130,1798330,1738967,1782272,1831018,1571305,1655284,1629568,1712452,1749432,1751329,1935828,1731621,1729622,1750098,1775390,1723503,1802250,1807709
1662401,1342768,1535198,1502914,1739371,1624978,1546450,1685804,1402925,1572885,1607666,1354774,1289582,1697576,1501041,1555381,1559059,1315304,1633518,1477449,1451616,1566632,1608790,1370924,1399176,1493644,1462167,1412787,1442121,1441484,1657662,1514830,1623175,1514231,1414723,1382327,1529895,1674466,1445653,1446091,1317865,1603634,1577518,1344944,1378862,1614509,1475727,1375959,1635932,1681470,1749814,1508393,1462722,1495050,1542451,1552864,1357466,1423342,1473985,1670593,1572352,1538603,1335726,1569661,1566904,1522330,1632254,1491603,1450321,1719759,1557549,1626085,1701225,1517916,1386893,1627805,1473142,1455251,1503566,1513833,1541426,1378710,1667455,1580746,1530084,1669677,1555479,1647600,1486829,1575057,1582542,1531694,1715620,1629168,1622776,1666076,1599285,1525597,1578153,1609889
1763197,1680071,1656323,1744682,1878030,1746166,1781249,1904428,1642271,1769372,1695947,1558237,1420956,1810055,1687057,1750038,1655525,1542375,1770423,1752976,1579880,1811444,1904477,1671438,1613910,1620961,1594741,1723455,1597118,1740393,1887822,1681261,1743934,1692378,1615695,1670577,1733044,1850098,1645043,1586633,1536845,1789757,1646032,1571980,1599974,1777747,1529585,1571886,1716257,1832830,1875839,1606017,1666943,1605309,1652918,1627195,1534764,1756081,1744956,1766098,1816732,1617512,1568176,1789934,1766755,1834808,1771066,1672218,1617360,1916630,1678380,1833122,1845939,1672346,1668656,1945562,1641952,1673260,1573251,1738574,1683556,1485215,1888295,1685773,1807752,1885266,1789322,1717867,1635392,1742556,1760394,1729615,1842942,1779383,1843247,1793066,1738714,1692602,1669280,1730105
1554553,1418544,1428180,1477548,1718555,1567090,1531943,1693645,1361905,1394179,1476413,1300061,1325466,1430936,1491478,1472344,1444545,1283335,1650951,1540140,1449283,1668108,1528417,1363258,1356900,1411854,1393687,1439915,1436771,1405955,1693527,1440196,1516267,1387832,1362814,1442656,1498046,1659350,1447742,1392365,1402047,1451100,1455392,1318830,1404023,1554429,1284279,1302320,1417832,1619864,1693356,1482426,1524890,1516971,1512849,1451234,1324279,1528274,1438995,1597307,1552469,1393336,1304200,1534316,1546723,1535319,1566992,1475072,1326919,1608324,1483952,1473218,1563033,1446833,1472813,1603971,1432810,1395667,1286089,1421299,1354657,1293655,1597408,1429414,1576099,1683228,1457494,1553156,1380146,1470631,1539649,1429792,1575593,1566699,1466952,1532978,1520499,1450820,1522953,1523035
1470693,1363762,1386309,1476726,1586163,1554052,1535269,1586533,1201692,1437510,1448539,1304358,1260401,1556474,1304320,1371863,1480936,1295288,1454165,1386974,1332930,1507138,1527018,1367820,1401269,1498807,1329855,1412638,1285870,1454126,1540577,1406034,1529584,1394482,1380464,1441943,1489257,1510102,1388620,1371029,1407039,1532739,1471195,1283346,1268918,1498289,1409571,1265148,1482300,1611429,1519594,1503315,1373226,1292341,1418980,1471996,1284231,1464091,1352282,1462007,1494106,1404118,1264243,1580475,1435368,1394195,1474755,1514447,1443395,1542770,1409742,1416941,1606215,1343135,1477683,1543866,1412931,1290540,1354319,1496852,1424192,1211811,1485968,1436184,1464999,1562566,1501839,1496925,1396014,1432832,1422102,1412774,1548715,1592357,1555952,1475214,1433430,1422605,1471812,1425604
1646480,1616323,1695493,1579642,1876561,1805476,1637010,1734499,1492333,1655476,1714651,1406897,1478731,1693556,1626109,1639964,1788193,1428296,1721827,1714335,1588227,1680113,1691607,1536228,1564191,1553863,1592954,1572801,1536054,1571540,1785077,1648922,1792171,1670339,1614223,1614611,1711399,1678090,1662335,1629193,1593544,1638742,1666676,1425297,1480625,1782535,1640269,1501382,1817048,1760048,1808082,1693999,1605946,1495002,1618195,1673765,1511443,1664302,1534904,1675795,1698787,1553923,1494145,1750042,1691139,1581189,1710541,1750653,1659741,1826044,1664256,1781903,1819557,1568533,1526311,1637806,1610276,1438751,1556493,1698371,1693568,1460955,1679853,1623302,1786986,1774765,1549805,1723810,1492636,1701464,1661258,1666518,1882506,1726863,1692137,1646625,1780966,1749556,1705347,1650830
1630928,1548670,1629471,1548425,1845210,1725640,1637616,1769489,1426403,1478728,1637196,1442095,1459347,1699372,1597412,1627808,1640894,1411574,1716517,1611368,1557432,1783509,1713789,1540057,1560882,1622462,1595222,1535823,1503772,1641521,1797208,1522757,1652985,1605551,1542910,1584557,1621669,1683965,1602691,1562429,1575483,1619251,1686968,1418520,1525781,1682482,1556234,1410453,1706624,1785859,1769152,1759781,1737923,1523381,1569950,1641428,1501128,1744949,1540316,1609920,1667164,1530686,1530828,1737103,1654213,1651163,1737841,1724279,1571284,1739877,1677531,1586536,1711071,1525669,1546299,1604327,1619563,1573716,1586178,1561533,1693573,1462157,1754101,1480248,1716745,1702128,1695474,1775587,1571492,1638340,1702633,1768422,1826485,1734360,1619123,1556632,1737986,1720561,1724927,1644005
1909992,1726615,1708726,1841953,1897772,1836775,1859615,1962164,1597301,1780166,1768846,1621527,1504534,1854984,1640859,1885101,1824990,1523773,1976523,1693006,1658577,1844249,1811772,1653390,1685008,1717949,1698411,1780158,1687753,1841229,1921555,1705465,1824776,1718776,1559245,1705406,1752784,1907950,1746486,1651983,1623912,1860932,1769037,1622767,1522879,1781128,1710491,1647430,1912313,1959667,1859358,1674598,1700334,1616388,1867877,1754293,1635160,1835889,1663004,1809563,1894667,1576333,1590620,1848041,1718599,1819206,1889845,1833454,1724069,1938823,1757149,1821954,1954079,1720938,1703947,1868610,1799110,1659960,1512440,1866735,1721904,1529369,1838142,1781929,1918812,1902766,1782714,1824164,1670133,1813534,1842688,1744798,1945949,1802903,1810611,1873884,1822401,1764645,1717075,1794106
1569184,1352679,1547506,1534055,1671629,1581519,1461670,1605652,1266470,1481762,1610201,1454648,1350451,1575354,1465380,1469480,1570531,1318046,1726357,1433614,1482306,1434154,1667208,1373288,1417653,1525447,1471429,1435070,1362385,1503471,1641509,1366167,1619362,1492632,1444931,1492022,1620393,1639509,1566091,1403234,1335074,1555758,1543934,1406874,1442114,1650399,1453580,1336601,1545053,1690475,1597693,1599250,1533518,1428206,1599530,1449388,1329773,1481541,1507109,1511502,1528294,1537345,1339690,1552148,1661353,1511020,1492641,1567498,1536492,1597719,1580310,1511420,1679144,1497515,1501012,1505144,1597221,1393829,1463980,1513458,1534746,1328768,1647250,1473621,1600398,1588830,1459830,1541640,1490957,1573259,1552871,1498702,1684088,1621420,1593466,1593667,1486229,1585582,1484055,1599540
1607936,1465370,1415286,1475327,1622769,1695846,1536878,1652350,1329645,1413645,1493498,1337960,1429164,1646084,1606881,1481731,1520864,1286702,1638263,1656348,1426664,1537919,1632964,1424207,1464107,1458216,1479366,1454638,1513997,1501592,1669063,1606176,1662675,1444072,1459576,1481048,1634060,1626412,1580148,1465844,1468576,1548813,1457954,1363198,1386785,1594029,1371344,1409007,1530606,1566260,1809070,1538136,1476372,1442762,1542076,1606596,1362735,1340452,1494037,1602345,1657618,1566305,1474471,1582833,1555522,1546825,1660052,1641878,1343637,1675709,1465346,1608435,1682825,1429617,1531912,1592986,1542384,1393418,1358355,1512408,1553241,1297762,1562215,1438239,1649284,1612395,1416565,1532462,1552795,1511082,1540088,1545577,1656165,1678463,1577041,1597832,1612179,1589784,1596918,1554160
1880852,1504212,1626424,1598456,1960617,1777919,1816240,1863631,1514646,1660287,1675752,1544855,1511498,1834477,1623995,1709445,1656155,1449699,1813395,1732520,1645944,1770951,1881227,1607683,1522943,1567488,1627887,1638608,1674278,1703867,1857445,1659791,1884884,1738594,1595832,1556658,1741732,1814182,1733018,1594985,1566004,1730361,1756252,1463316,1578217,1737072,1591801,1493421,1811884,1901236,1897729,1693354,1760337,1648877,1728406,1598123,1594594,1628016,1597456,1689389,1699005,1637986,1586230,1703761,1666462,1780971,1855518,1743186,1544151,1781205,1785078,1713592,1852264,1752769,1644349,1845022,1735251,1547748,1548815,1737811,1604433,1466974,1775795,1759361,1805876,1810675,1673316,1800889,1699854,1773383,1860298,1771508,1836881,1785626,1692747,1806092,1775096,1576864,1828539,1700601
1659399,1560796,1486521,1456432,1704654,1634182,1544374,1642853,1325313,1554860,1466358,1429242,1292225,1586651,1497316,1593613,1428648,1272627,1658598,1552496,1490879,1633319,1649288,1382357,1419576,1515761,1482105,1487082,1506086,1500167,1682582,1504281,1713039,1492905,1552062,1356720,1642862,1704575,1512858,1405238,1445673,1483272,1633786,1255172,1388155,1616871,1505989,1385398,1585647,1666846,1768126,1496588,1538381,1510248,1504374,1605351,1444922,1631343,1469338,1677017,1599453,1566163,1445949,1637301,1560958,1576673,1507667,1508923,1389135,1728380,1555729,1512740,1765939,1479770,1490548,1600934,1577595,1454973,1450360,1498296,1497630,1430610,1624613,1452837,1651266,1703024,1596560,1603916,1482820,1520720,1595923,1622577,1712027,1578843,1583676,1677481,1568974,1396930,1649967,1605224
1801459,1622274,1705843,1784887,1788309,1827241,1813026,1947604,1601177,1743590,1687075,1532430,1511047,1809028,1613617,1807335,1674824,1413562,1895836,1830228,1770397,1848593,1865940,1642001,1538540,1675464,1755485,1662962,1703944,1736273,1947123,1741678,1887823,1658839,1605726,1777409,1866091,1995644,1736920,1647895,1649566,1701585,1853827,1534748,1611821,1838119,1677291,1622678,1716892,1876121,1900455,1719019,1688582,1662864,1654326,1720866,1617835,1815564,1715886,1858844,1854658,1790768,1665743,1833837,1843577,1897026,1814615,1771994,1661877,2030303,1739417,1709762,1848799,1704819,1726071,1945440,1767868,1639920,1596372,1787158,1785965,1564680,1814651,1648371,1836175,1965401,1719494,1848583,1621045,1830824,1829563,1835041,1942814,1862668,1819259,1822457,1850572,1851162,1787699,1821251
1568423,1503519,1452988,1590404,1574781,1580747,1537655,1632996,1321669,1518809,1592699,1407975,1362124,1560992,1442635,1559633,1515937,1263037,1678857,1581183,1526942,1607838,1595170,1495638,1343865,1464390,1530525,1445296,1566814,1444113,1719271,1518472,1616899,1454518,1430134,1528919,1581371,1671987,1480078,1457091,1381353,1563998,1637102,1373979,1388425,1568382,1481043,1481113,1516035,1739245,1642003,1505950,1585972,1431661,1454689,1572422,1430394,1568718,1576432,1648300,1604627,1558285,1428434,1583882,1615554,1633853,1556946,1642282,1505607,1720904,1541957,1589021,1682890,1439105,1579827,1716168,1416212,1426369,1503875,1639166,1608095,1424023,1601667,1558418,1653500,1704449,1643122,1507967,1570758,1595054,1597747,1473767,1658023,1659352,1622456,1530120,1507051,1542435,1560712,1539883
1605707,1619233,1585421,1669920,1814365,1709446,1718020,1769562,1428563,1638577,1657760,1432140,1419994,1682768,1683560,1723644,1803276,1501985,1846783,1643810,1640815,1742452,1692615,1509737,1533360,1647208,1636618,1640897,1533889,1647095,1918941,1664504,1778409,1626587,1557375,1561784,1761800,1836784,1659759,1612771,1592721,1719490,1720571,1451772,1542716,1685860,1687413,1529629,1779494,1937834,1842680,1716932,1606091,1589737,1751914,1620342,1546069,1777029,1648181,1732054,1806443,1699467,1701469,1759021,1813136,1645388,1748954,1684321,1590494,1995874,1629578,1830581,1837316,1516575,1721850,1771602,1567322,1580818,1591511,1765094,1794590,1662236,1868105,1625587,1860737,1785424,1656569,1681148,1621748,1724260,1727966,1630719,1820833,1778981,1776984,1657345,1779733,1775773,1747539,1636668
1737499,1432817,1613410,1711263,1723965,1686991,1735229,1880406,1469185,1662100,1648427,1469365,1441136,1732031,1513735,1606750,1547057,1427279,1783168,1628920,1641716,1636217,1744637,1444096,1538326,1543311,1568346,1564719,1492747,1596038,1838852,1541381,1808702,1672506,1557303,1599599,1669782,1793045,1531565,1565750,1449413,1742244,1654310,1443468,1587309,1704374,1606961,1473895,1708543,1846359,1796775,1605385,1666404,1510253,1653177,1557656,1463863,1571272,1661357,1669405,1750710,1530878,1563433,1690230,1709754,1714593,1805492,1695380,1546187,1876579,1707057,1705378,1795511,1706383,1564022,1776683,1712450,1449732,1492784,1800317,1642679,1445100,1721806,1633326,1702382,1746010,1644209,1657551,1537093,1705727,1664191,1726804,1787125,1840388,1768724,1698548,1766859,1652647,1685572,1660878
1683262,1523934,1628623,1727088,1856047,1676930,1682827,1842317,1607052,1554167,1741313,1416581,1488084,1651012,1589385,1617355,1704404,1278707,1824950,1718305,1598615,1707657,1721090,1615413,1546637,1571629,1663903,1539468,1542037,1718886,1829945,1705838,1785338,1564682,1546767,1612524,1752206,1678376,1562019,1659410,1516380,1614152,1727577,1438172,1538018,1719967,1569280,1472042,1653487,1810688,1849610,1548673,1637030,1623334,1536160,1716544,1518690,1643636,1672416,1799533,1773393,1539721,1606827,1597442,1702104,1760793,1721339,1670754,1530759,1861139,1629830,1724397,1798772,1658943,1693288,1815161,1598660,1574881,1538227,1660868,1629553,1499159,1732089,1673109,1775117,1883055,1668748,1746188,1623723,1621621,1671455,1723010,1802362,1775277,1882317,1688330,1638360,1644749,1664929,1634945
1446672,1435547,1442748,1359936,1489522,1447431,1432706,1559525,1271108,1335172,1374245,1203058,1273605,1412431,1282750,1434826,1345609,1189638,1566366,1473704,1384197,1414621,1517325,1359780,1263242,1378693,1403628,1361852,1398030,1393573,1628720,1290969,1451378,1342744,1285484,1483682,1396605,1483696,1419541,1380608,1273570,1370014,1438204,1194186,1303013,1437018,1335290,1267225,1462863,1570044,1525712,1427984,1439825,1316397,1354144,1459624,1312295,1412278,1426226,1472364,1551513,1314916,1365449,1414924,1460589,1465728,1466736,1339958,1258834,1547128,1498767,1373984,1485191,1414830,1346069,1565670,1416444,1326855,1287942,1501517,1479749,1220705,1508408,1456895,1564488,1558149,1467032,1379731,1317848,1414425,1405403,1386031,1586804,1480272,1488025,1481920,1461489,1391576,1415753,1407377
1595891,1507736,1387534,1484840,1655323,1554873,1535241,1512143,1329263,1431529,1543434,1198129,1268815,1599318,1483725,1544896,1393949,1311232,1550655,1451266,1411958,1598612,1570289,1471581,1346626,1333380,1538114,1295301,1500647,1478963,1675138,1483610,1567091,1388904,1440547,1405899,1517691,1557627,1512017,1312179,1402456,1453925,1575777,1271363,1353243,1473873,1445833,1334526,1538143,1667588,1671915,1472561,1363456,1323099,1461452,1482436,1345757,1373114,1363623,1568814,1643164,1484752,1426899,1498913,1436303,1453638,1466319,1553756,1330799,1636230,1399142,1516765,1593766,1422461,1519047,1533892,1514792,1432985,1326998,1534890,1482994,1352415,1664014,1518277,1514280,1643169,1503496,1499560,1385682,1481461,1623262,1498561,1693052,1531832,1619522,1565950,1538135,1570195,1516186,1526060
1709198,1556630,1540598,1538591,1710244,1829276,1667423,1697242,1476033,1581366,1658619,1507449,1404486,1694554,1635263,1770093,1625014,1385557,1720379,1564176,1508844,1650299,1697674,1443275,1390779,1486619,1499550,1636713,1654642,1613974,1803556,1645664,1672323,1651852,1472221,1448441,1750941,1873788,1700787,1561864,1481300,1611164,1691369,1386576,1499393,1646127,1517889,1493132,1591048,1694700,1786486,1539989,1562806,1587507,1686480,1541800,1434570,1562163,1525895,1638065,1685503,1503671,1425697,1665106,1590470,1624766,1666704,1763088,1522345,1757584,1588924,1617215,1732983,1535578,1525225,1744814,1611671,1558108,1395508,1649919,1606107,1450233,1698686,1545998,1695784,1751428,1472700,1530326,1505978,1681847,1624554,1757938,1683570,1675291,1666138,1626600,1639646,1619030,1690823,1706853
1441754,1301671,1350060,1329098,1577758,1395553,1506708,1579202,1220392,1468179,1465702,1361815,1189263,1497711,1398107,1377994,1404453,1234398,1504746,1410969,1359511,1422578,1574451,1350807,1310522,1351934,1395826,1401132,1337358,1473142,1509899,1323743,1501167,1478770,1351900,1310795,1449471,1501890,1331186,1315434,1315626,1448057,1410511,1201717,1278170,1329534,1331032,1211643,1499224,1511023,1535115,1435638,1289261,1371892,1403138,1441638,1291286,1358378,1347047,1487723,1430045,1356117,1280911,1546499,1441735,1445651,1506670,1423157,1329332,1607801,1400111,1425279,1605797,1385893,1338959,1492656,1412319,1335185,1319946,1346572,1422679,1141012,1363943,1339372,1576238,1561446,1479999,1454301,1360531,1442591,1425514,1482650,1498463,1451075,1477313,1483829,1434824,1340165,1420997,1435417
1517663,1392382,1508224,1522352,1777222,1639951,1721459,1747768,1381136,1527979,1537464,1405153,1380111,1587197,1578948,1563079,1434579,1419646,1751875,1565789,1481482,1622363,1733680,1421711,1431060,1450707,1566284,1504812,1447220,1555692,1714077,1476777,1662086,1593942,1472751,1527268,1721035,1691168,1644392,1429273,1383645,1529981,1564114,1423354,1541121,1589525,1504737,1381008,1632820,1724306,1691189,1539645,1581528,1532383,1565968,1475471,1432740,1599821,1600836,1638303,1596618,1528160,1568833,1512870,1666792,1752636,1601132,1556340,1332132,1876626,1619421,1563479,1575498,1573686,1482764,1699349,1535691,1536652,1434151,1686588,1580364,1337810,1709636,1519264,1670088,1664605,1529090,1538836,1465563,1633726,1657279,1608042,1698564,1585716,1612995,1666102,1694739,1496246,1745211,1552636
1743871,1545042,1647826,1703968,1774391,1718301,1733799,1902115,1394611,1641829,1707864,1415647,1412274,1738018,1549640,1657181,1632789,1396229,1809928,1583648,1682259,1777586,1769431,1455399,1537106,1508762,1624123,1567486,1644344,1694585,1843851,1519597,1709687,1594600,1565202,1576353,1706677,1703720,1635285,1481886,1555113,1681318,1687448,1392128,1440073,1727875,1563602,1458435,1656102,1740826,1762407,1628199,1564921,1586585,1604154,1662786,1517639,1607007,1552628,1718097,1687723,1549347,1506066,1670239,1684199,1647279,1716782,1827803,1476402,1737103,1635530,1652043,1789301,1582034,1673677,1729786,1646748,1496133,1641381,1672272,1705730,1567393,1738182,1557771,1737104,1671174,1653679,1558409,1542842,1596708,1743033,1728147,1846068,1770159,1703655,1633821,1665959,1784598,1674383,1667182
1702945,1464214,1595965,1690607,1801078,1707907,1708636,1872137,1487956,1533573,1568505,1484516,1414369,1671704,1417362,1583583,1454023,1357382,1718022,1589593,1587921,1590158,1711850,1551567,1517736,1644807,1488580,1546930,1430456,1645760,1811115,1568437,1730678,1458234,1533035,1496905,1600834,1806471,1557630,1525534,1628068,1578678,1699323,1403896,1543242,1728653,1567164,1393309,1602556,1698405,1821634,1640867,1546059,1520960,1661499,1542264,1433805,1506801,1526347,1702448,1683699,1559855,1449079,1623345,1656602,1678444,1665280,1612891,1456363,1801169,1679277,1615981,1716486,1540394,1597845,1771366,1640120,1445355,1493243,1715348,1583070,1449393,1784436,1610491,1689374,1769921,1613690,1584588,1494609,1622733,1675213,1586161,1740681,1738768,1733180,1614145,1655750,1568720,1645615,1590099
1709691,1515323,1602225,1727078,1851456,1731512,1675379,1840095,1419423,1584224,1669954,1468124,1422177,1637517,1674614,1743475,1659876,1385087,1774166,1679098,1539245,1746397,1775989,1514962,1530670,1634890,1677323,1550365,1583471,1603350,1803885,1539605,1671652,1541209,1551228,1593317,1696514,1695025,1663190,1550504,1645994,1676823,1761036,1332880,1521186,1694724,1590425,1489421,1725895,1821731,1821055,1587210,1581944,1558553,1618595,1687288,1525787,1605990,1664207,1804719,1780312,1520193,1413741,1728002,1601048,1693269,1795003,1692625,1434955,1851504,1647025,1670081,1793049,1602769,1624638,1805591,1582481,1583478,1427299,1679132,1611644,1443834,1656846,1651165,1797289,1806106,1624327,1551183,1578509,1572681,1604812,1659040,1863505,1816619,1746482,1732030,1688899,1674662,1606475,1763340
1800577,1695892,1787007,1717517,1824005,1853563,1778325,1877834,1583757,1672444,1743756,1522562,1410284,1778192,1750604,1758626,1708358,1431130,1925533,1679861,1697034,1811325,1925568,1568639,1631917,1718165,1628313,1670960,1531810,1634348,1900181,1622601,1839898,1669772,1537111,1683038,1817234,1820293,1670970,1709388,1527811,1743781,1726746,1571607,1637574,1862900,1625221,1560393,1734261,1771046,2025253,1728010,1726066,1723953,1715792,1726771,1555317,1638481,1823311,1821210,1800776,1762712,1656249,1655929,1721420,1707242,1749550,1872319,1603354,1890902,1790211,1741265,1790955,1708032,1661399,1786405,1717508,1615815,1599782,1781846,1722810,1589030,1921396,1655873,1770372,1838165,1718288,1772254,1633940,1706279,1748860,1747504,1855278,1801722,1859813,1689824,1762001,1704920,1760007,1769542
1543986,1357192,1417343,1478870,1725506,1535535,1566280,1589735,1305206,1442041,1464966,1319339,1176197,1516922,1367339,1444834,1394777,1216766,1509005,1410364,1338597,1534079,1511028,1367642,1510636,1362260,1418893,1390352,1316289,1468820,1583876,1375586,1422859,1368260,1340926,1349746,1507332,1525264,1423711,1347220,1315220,1387055,1408039,1293229,1324174,1382036,1357298,1310330,1516502,1601621,1576595,1376022,1397691,1356126,1479476,1345703,1336658,1388216,1401919,1556258,1568801,1464969,1330341,1389321,1493062,1438844,1456169,1459538,1337351,1556417,1429815,1442199,1539751,1375243,1388667,1517729,1425071,1414323,1382975,1492194,1440016,1279402,1553159,1449334,1523093,1547798,1487702,1449888,1481304,1496674,1476034,1370261,1514428,1550077,1544406,1430078,1366952,1496287,1471564,1414133
1567533,1479031,1484056,1610573,1693856,1598744,1560432,1714109,1319440,1725138,1636243,1464789,1293952,1639584,1442966,1590165,1588837,1425100,1643864,1534752,1404070,1584099,1659129,1463738,1458904,1474496,1558838,1525217,1438992,1597233,1781898,1514772,1503248,1535730,1436133,1484151,1670662,1706511,1593934,1468066,1468531,1588952,1640320,1494434,1350069,1603237,1412191,1334676,1620548,1700306,1682193,1551310,1508724,1479540,1582405,1458391,1299296,1647403,1531633,1572041,1681155,1485923,1387247,1587972,1615123,1614522,1586516,1561575,1638382,1676739,1566521,1626542,1689460,1417870,1517173,1698763,1439379,1468005,1443488,1624865,1508294,1477318,1722860,1545155,1618927,1642780,1653477,1556782,1513441,1583657,1579613,1540960,1616640,1703806,1692474,1580521,1561860,1599987,1592441,1516070
1693104,1436401,1516751,1585202,1780754,1540945,1667278,1794849,1438815,1517506,1534629,1472914,1450003,1713051,1498306,1561998,1484065,1351644,1595693,1652189,1502389,1578669,1737228,1569114,1527812,1522074,1539700,1490085,1506976,1663901,1747759,1570102,1687303,1552579,1537386,1401289,1793393,1576689,1638010,1456948,1467914,1567479,1641804,1330321,1408176,1555774,1500345,1400700,1714715,1680446,1675979,1596960,1551312,1432324,1543707,1620139,1368642,1487662,1521474,1603687,1636647,1526283,1416537,1637312,1555055,1590415,1574908,1596189,1479242,1662672,1585767,1544832,1792810,1509343,1575514,1738065,1576057,1393100,1491194,1669089,1525164,1363515,1619484,1531837,1723181,1615588,1545034,1550346,1538343,1499679,1645287,1625230,1783234,1592988,1581571,1653532,1579002,1495650,1573562,1553207
1774711,1549052,1702166,1787672,1952662,1837064,1768368,2012942,1576257,1625272,1785538,1580680,1531957,1669542,1720379,1765995,1658313,1542803,1913954,1735240,1652607,1834330,1830816,1678621,1647375,1696262,1744159,1746337,1701447,1665509,1969807,1706744,1771933,1667964,1657437,1740721,1805588,1877466,1785732,1614290,1678559,1762621,1754633,1542718,1533761,1775552,1649931,1516586,1799530,1838632,1934569,1771841,1682414,1728496,1691786,1775859,1581750,1763559,1652968,1857860,1869899,1576476,1614652,1858220,1755431,1785976,1909908,1776263,1592670,1896071,1753049,1803917,1857223,1691304,1604217,1899832,1772965,1676498,1567420,1657255,1667839,1476340,1775664,1737040,1941177,1884695,1657776,1833292,1588395,1720669,1762524,1730457,1957995,1909660,1859336,1764033,1863851,1717980,1799591,1748468
1757224,1600701,1561495,1709750,1807486,1776779,1632757,1707127,1424423,1690041,1594148,1475533,1425683,1710338,1622523,1662427,1679748,1452733,1731815,1621095,1625001,1768295,1672682,1551268,1588435,1623611,1605621,1527972,1534197,1611011,1875496,1618126,1803961,1588686,1550737,1620526,1653347,1816610,1602613,1483402,1460441,1721806,1666245,1492282,1553898,1697271,1512810,1488375,1711740,1787912,1814978,1703367,1703126,1537704,1679691,1545151,1449988,1615399,1611806,1804310,1769169,1625118,1527723,1672547,1693347,1725567,1744781,1701615,1530789,1737393,1660022,1684044,1797315,1660779,1575394,1749084,1708872,1631444,1574582,1704103,1707848,1477073,1803297,1603344,1692592,1742049,1698461,1770327,1605960,1777060,1698883,1701691,1807749,1730182,1794147,1733162,1734396,1689974,1683415,1612574
1658656,1507041,1506264,1503577,1757880,1694476,1759820,1789169,1448815,1615886,1728170,1396363,1340617,1700927,1528829,1652139,1511398,1442503,1748949,1696798,1494545,1685476,1795087,1460803,1470847,1492267,1609057,1457175,1593677,1578146,1749448,1551924,1620206,1612748,1489526,1507799,1739133,1658697,1622402,1479087,1379929,1573044,1688473,1555699,1499452,1593790,1553377,1515834,1607256,1712151,1765300,1504363,1620904,1574958,1648079,1550844,1394836,1713613,1597631,1620383,1646315,1561484,1509089,1603585,1663076,1665689,1668861,1613808,1459402,1728493,1706944,1606892,1730879,1611696,1579131,1747530,1584224,1414579,1444435,1698511,1527047,1509547,1736029,1619093,1610522,1678169,1596252,1658842,1514699,1542590,1682764,1647747,1741274,1654243,1673906,1652246,1584023,1443390,1684762,1701757
1769840,1609198,1522065,1573056,1858092,1760878,1656755,1769342,1352136,1641671,1588221,1475093,1527734,1707550,1539385,1754389,1572136,1419691,1790316,1608439,1554963,1635550,1707340,1523541,1514579,1629513,1574743,1689638,1579103,1532884,1844093,1673743,1645071,1574397,1538467,1550675,1622293,1842699,1779831,1537675,1477036,1698517,1674009,1480958,1513762,1732561,1480598,1396142,1730352,1759083,1795414,1549465,1658024,1634400,1637710,1678618,1528546,1606468,1531014,1656054,1686610,1572615,1544996,1589168,1630612,1741139,1698398,1654074,1531719,1776401,1721296,1743937,1683622,1484355,1568066,1786574,1602590,1585684,1347526,1712391,1571688,1444211,1884755,1707216,1722564,1669692,1639290,1659071,1502634,1612550,1721365,1631213,1724000,1812778,1660276,1796642,1701103,1563751,1851745,1564575
1623593,1449394,1499726,1554509,1678934,1602432,1567615,1740410,1488301,1496603,1564216,1396489,1256929,1650831,1482085,1493730,1620663,1313412,1632138,1552641,1517747,1567405,1572505,1413432,1506994,1502952,1485405,1508801,1517380,1614707,1667140,1549286,1696597,1566966,1473570,1426823,1621599,1629156,1515139,1468105,1505380,1607163,1605212,1299489,1426514,1615069,1385223,1430912,1584107,1702496,1722099,1425455,1515201,1477990,1565334,1512172,1319572,1468059,1521187,1591652,1671458,1519398,1501509,1573088,1659508,1562873,1543707,1472565,1355506,1686231,1505453,1614470,1672755,1459628,1560937,1726406,1550712,1429096,1416701,1596115,1580568,1428661,1705726,1582425,1708982,1728234,1521932,1588080,1459925,1595535,1639357,1534596,1722242,1587652,1586599,1717099,1590782,1543131,1553301,1573374
1602664,1436346,1553002,1497588,1681277,1606173,1632249,1688327,1383931,1456437,1471610,1530585,1345886,1532029,1448135,1660054,1445086,1294412,1628382,1388243,1512932,1536348,1739853,1355544,1404815,1564702,1579864,1470772,1383769,1438759,1678907,1368671,1535685,1463350,1393253,1416117,1468908,1698040,1502943,1502807,1453185,1537359,1591459,1283260,1426472,1645719,1558334,1346280,1626320,1693316,1642540,1506144,1445731,1355379,1445608,1509365,1511158,1516895,1491103,1545582,1585569,1514785,1378432,1641420,1541809,1558587,1483418,1552838,1461751,1687022,1680478,1515456,1694943,1478581,1399572,1702142,1532765,1387930,1391993,1536637,1487298,1332875,1605447,1425552,1689427,1662556,1480157,1594323,1405565,1544917,1496850,1529371,1648170,1595798,1506371,1506663,1569194,1506699,1542289,1539980
1808797,1540266,1595335,1704914,1842513,1721976,1745871,1875043,1476728,1720797,1602639,1576819,1525407,1684699,1544405,1708965,1653655,1446372,1705325,1635391,1671452,1745968,1764295,1537613,1513932,1695402,1656154,1675154,1543323,1658457,1957256,1733617,1695696,1600360,1609326,1540356,1704438,1831788,1722553,1550479,1563125,1750828,1735120,1449025,1489003,1696255,1539133,1471587,1757589,1837759,1765391,1626959,1591263,1480005,1722956,1553946,1537443,1620766,1555940,1756920,1749817,1657239,1470256,1716072,1721555,1618167,1688663,1696371,1603597,1829492,1743219,1746896,1791007,1570737,1629143,1864499,1663261,1508782,1449034,1778510,1698184,1476135,1811735,1703428,1817719,1722436,1702657,1604392,1540477,1703329,1735103,1620100,1804626,1833552,1765304,1671100,1679359,1658437,1761350,1621213
1771275,1598135,1683585,1658853,1843645,1651990,1707827,1874744,1665675,1606462,1837164,1560918,1595042,1712530,1631706,1680511,1627985,1442524,1788992,1811683,1575183,1714169,1960662,1699590,1533838,1607904,1579705,1579590,1656273,1704030,1878798,1759415,1817739,1670042,1584238,1558624,1768693,1770040,1718570,1640700,1637567,1716676,1730140,1541165,1593755,1772279,1568341,1519590,1742083,1783112,1873249,1742174,1615184,1574622,1690028,1709764,1563122,1665373,1716693,1774367,1733657,1621031,1602423,1675902,1734910,1638657,1705466,1681641,1550130,1910695,1696009,1832457,1860432,1680709,1712000,1870976,1698355,1559517,1530580,1679559,1623929,1458624,1721649,1727182,1779681,1923959,1614894,1628879,1596903,1634879,1779757,1768032,1922715,1836669,1853189,1701102,1777184,1647874,1726791,1722462
1566483,1260381,1424688,1454029,1554607,1510901,1421013,1597609,1193547,1545849,1460349,1228701,1266759,1481164,1344184,1444583,1408038,1148019,1522563,1378666,1332294,1455693,1506669,1302891,1332463,1398165,1374375,1329636,1390103,1401794,1548219,1479444,1538100,1355812,1390098,1453092,1523414,1445882,1423943,1285901,1332047,1445358,1516048,1285538,1306813,1437799,1450674,1253306,1493317,1558274,1596076,1399754,1343527,1275089,1417451,1457588,1308929,1400659,1380993,1532493,1544303,1364078,1292284,1530306,1466875,1447827,1479971,1519309,1421167,1579375,1421725,1436529,1509243,1382751,1362588,1492443,1407215,1291844,1337364,1576625,1416467,1171207,1546917,1380428,1444934,1565397,1495947,1435085,1346697,1411342,1491637,1428023,1571249,1493559,1533170,1531045,1425353,1375443,1412835,1452583
1821833,1553492,1639153,1635966,1916367,1812901,1687258,1922015,1520900,1666530,1710199,1542205,1504113,1786711,1709668,1693572,1708443,1478682,1740649,1753103,1551750,1782971,1770560,1610007,1546726,1688800,1600835,1549232,1556191,1691827,1821223,1677231,1731893,1655261,1555686,1568298,1698184,1816978,1708939,1572102,1576456,1695231,1758507,1454405,1718708,1709103,1517222,1577606,1801003,1883023,1950430,1713975,1660691,1667522,1746638,1517443,1452471,1610974,1544425,1727774,1731390,1614587,1486404,1762550,1707567,1634195,1792143,1706784,1583698,1796813,1680722,1732752,1748649,1610001,1601324,1751288,1695984,1505679,1556577,1717312,1694620,1629684,1805191,1591558,1762867,1799920,1688982,1744452,1640943,1663751,1715041,1694034,1851545,1850218,1733765,1600023,1754486,1675792,1818332,1661653
1667528,1524254,1568684,1637629,1765008,1567621,1651305,1805012,1505615,1491185,1596098,1546555,1450152,1700233,1493755,1584117,1645766,1285817,1728848,1637057,1541238,1629461,1788434,1526874,1534781,1535847,1637629,1660703,1457927,1591053,1756769,1498493,1728457,1570184,1513507,1565160,1668340,1764745,1581004,1578016,1544365,1636853,1698244,1321155,1412048,1631563,1547437,1375839,1722666,1702616,1714135,1634507,1607644,1512055,1507339,1732965,1572655,1688923,1547670,1689447,1621945,1612396,1435120,1708047,1654017,1636013,1606371,1709925,1641054,1784993,1652061,1604032,1777844,1514710,1602724,1740039,1564689,1487271,1539172,1571459,1495303,1410841,1589288,1517342,1828105,1779143,1653045,1657508,1630986,1561311,1635137,1541752,1824269,1760152,1637778,1595148,1589602,1599675,1565629,1691932
1757208,1617467,1632985,1714450,1822457,1693783,1788916,1880529,1548848,1655028,1788722,1572317,1534740,1740914,1595606,1689344,1646102,1496078,1846740,1855570,1639935,1606779,1794189,1604500,1562871,1736820,1578097,1546353,1531949,1661718,1805244,1713415,1760728,1584924,1578437,1614695,1678211,1819018,1676519,1621587,1561789,1743337,1708984,1561283,1645835,1772454,1639018,1530211,1755066,1875374,1859498,1648517,1672891,1601245,1725339,1655876,1488200,1678449,1685293,1783862,1763706,1600966,1531575,1729706,1814809,1765006,1789147,1679087,1570349,1916731,1652446,1762851,1859695,1535391,1680350,1812740,1587781,1547544,1482563,1820264,1697315,1486705,1784875,1770017,1716898,1857347,1699884,1760808,1609415,1683603,1755223,1617697,1831476,1864817,1850734,1757854,1765458,1591589,1703027,1675105
1620237,1354163,1378529,1454721,1650158,1665937,1654146,1759745,1320239,1510299,1476878,1353357,1184578,1544532,1553792,1481867,1483378,1325656,1607113,1498642,1331011,1504828,1644585,1319548,1439119,1431303,1482696,1469754,1466255,1464719,1644345,1438149,1585885,1556588,1475588,1455095,1634080,1613717,1489400,1355399,1457368,1542579,1494283,1308439,1354554,1525853,1477109,1343409,1559996,1562015,1720900,1420870,1483937,1467502,1542872,1419378,1330356,1464599,1456846,1471626,1541434,1508404,1257336,1522472,1578370,1579390,1666881,1551513,1402108,1636183,1574426,1468638,1674512,1445786,1401503,1628831,1429545,1410369,1347650,1564233,1437718,1353336,1553262,1394541,1707351,1606303,1498981,1518936,1462904,1575715,1517408,1515137,1603759,1527860,1496457,1497909,1524102,1473299,1630469,1502571
1727957,1482896,1532150,1654550,1813493,1706148,1696792,1840402,1500728,1588288,1664779,1574659,1476398,1649051,1591605,1631933,1658963,1434701,1733350,1680567,1604342,1712975,1702115,1597764,1503398,1678799,1617627,1505927,1512254,1672694,1830458,1605443,1709678,1540500,1503921,1529569,1682960,1817772,1728015,1432253,1608709,1611004,1685958,1439240,1520099,1633248,1559292,1480572,1634153,1823130,1800375,1671726,1634664,1474985,1627733,1493098,1503657,1558801,1677073,1757651,1805672,1652212,1496366,1757012,1670085,1719835,1759680,1668525,1567004,1752844,1707918,1691858,1715614,1605859,1708120,1854522,1729819,1509702,1458431,1739896,1604777,1485335,1767015,1680102,1700344,1794710,1568122,1711759,1596309,1708543,1713289,1629849,1841363,1795897,1768465,1803405,1720071,1713969,1620011,1693146
1713682,1550105,1692635,1574394,1808309,1710029,1770156,1850864,1451377,1625245,1675945,1458547,1428113,1781086,1600347,1690685,1607426,1357954,1739206,1757665,1646608,1676196,1793267,1481210,1467336,1661960,1513575,1568367,1580498,1618934,1797391,1608530,1831986,1583501,1517810,1461687,1707137,1735609,1725646,1564908,1617279,1705494,1683562,1464645,1622206,1676325,1536175,1466650,1695309,1783465,1856133,1698378,1581809,1623039,1688543,1614637,1487902,1523561,1740259,1721181,1753475,1720520,1496744,1706569,1679639,1625032,1743100,1736831,1521834,1886169,1719829,1669795,1758086,1569878,1626119,1783701,1663397,1497997,1553301,1783590,1750798,1509698,1871213,1691077,1733028,1777110,1646774,1625644,1565033,1720633,1712648,1642822,1838682,1780591,1726906,1700521,1725441,1644064,1667381,1639082
1990126,1720281,1823996,1750346,2016057,1980845,1788588,1926555,1656800,1700340,1906358,1738616,1649695,1902840,1796921,1886394,1790394,1577690,2033158,1870151,1700153,1861628,1945794,1720522,1651594,1717711,1721185,1676629,1790967,1759728,1947047,1747718,1896804,1760787,1727246,1746704,1916983,2013696,1842590,1738136,1610933,1864883,1881170,1611024,1771374,1916749,1700059,1602890,1890713,1988455,2065041,1826757,1839337,1717251,1771601,1797160,1638510,1840547,1776720,1832192,1884538,1745134,1653674,1832107,1771008,1826131,1786779,1927606,1764538,1871156,1886232,1755832,1899834,1803855,1662341,1965792,1871756,1682428,1616886,1944369,1785660,1599778,1961580,1866547,1947252,1954596,1782660,1861854,1690989,1877223,1909755,1848396,1990772,1907755,1853013,1859528,1894254,1755745,1865122,1917471
1523148,1347055,1354265,1425250,1566159,1509727,1449765,1595962,1335148,1491349,1467860,1407996,1346636,1463467,1439837,1460453,1482435,1289244,1561188,1479934,1371987,1457000,1539236,1359781,1344175,1363731,1459464,1336532,1444741,1443190,1659773,1400793,1517703,1467357,1348455,1480793,1557774,1550848,1517607,1344298,1398004,1401581,1492029,1347312,1355832,1512427,1391878,1238739,1463331,1590510,1515506,1450349,1450393,1416253,1440925,1414588,1288456,1427937,1429339,1529724,1423113,1458236,1262628,1442379,1634002,1546688,1540350,1490917,1354795,1600173,1434413,1469182,1639026,1476172,1374139,1528714,1520561,1306048,1336637,1516504,1426206,1405622,1519600,1357367,1551977,1532192,1409465,1477757,1345235,1464128,1560068,1446979,1648466,1523456,1501637,1488057,1452446,1420957,1537974,1497761
1650213,1484235,1586500,1562635,1751739,1647341,1577663,1704241,1425885,1592082,1624694,1419605,1466418,1604439,1462899,1693243,1724439,1313062,1630484,1590159,1489105,1666724,1717837,1478259,1438620,1595633,1593095,1601662,1536813,1632734,1794672,1618763,1815534,1593440,1532565,1552072,1648584,1696863,1652689,1598406,1517331,1589895,1716330,1386219,1449426,1573318,1552186,1402791,1670165,1771066,1691163,1560456,1566142,1537781,1526353,1614152,1519420,1603327,1596622,1637060,1571056,1555663,1463285,1584734,1560348,1613003,1703157,1644706,1496912,1783296,1597776,1681786,1726307,1563685,1587986,1640368,1633440,1369263,1454630,1641478,1575297,1410414,1737555,1652670,1741721,1720527,1631997,1637979,1528279,1571654,1681152,1536302,1802345,1710709,1706588,1677999,1604824,1532194,1583722,1713668
1661910,1457909,1495082,1687716,1673713,1642593,1597040,1745335,1419255,1516520,1650003,1428858,1356836,1544387,1457947,1577565,1716404,1380427,1663590,1725095,1451760,1633439,1620098,1497466,1465586,1568386,1509835,1380486,1543651,1567910,1735196,1584918,1659659,1447661,1410608,1407790,1655576,1694476,1529770,1478926,1581993,1546074,1588666,1386102,1442043,1505730,1478901,1371906,1609722,1631985,1748678,1595031,1544100,1524967,1606360,1479088,1432345,1465573,1564970,1623690,1750217,1525266,1503586,1573668,1593866,1562342,1757170,1476733,1409197,1768563,1631915,1689564,1776089,1505868,1624927,1658508,1580258,1327145,1383249,1620951,1528958,1390255,1641661,1678209,1782639,1708000,1582513,1559019,1583067,1657460,1641557,1524094,1764584,1754038,1664583,1642105,1669125,1631588,1571992,1556542
1689661,1498729,1580895,1568230,1803881,1696933,1644989,1822177,1429892,1658991,1670262,1480058,1454039,1691930,1513926,1640628,1586327,1362634,1723012,1623788,1561217,1610988,1677349,1528625,1559122,1598244,1524295,1640668,1525790,1704722,1795665,1525844,1830874,1659612,1614350,1516354,1700974,1868187,1600000,1532580,1501430,1698819,1657495,1395406,1523359,1585353,1571831,1429602,1710212,1716057,1744984,1750742,1585767,1539484,1821380,1622040,1421128,1630333,1638882,1710540,1709373,1499009,1425621,1664225,1714613,1654779,1808387,1555641,1549818,1724850,1634611,1563328,1791026,1583425,1644724,1702308,1680219,1561416,1457900,1637215,1629962,1402601,1735778,1621633,1748238,1750110,1649299,1693007,1541539,1676519,1577399,1596543,1843424,1725373,1712115,1772654,1625725,1632315,1639082,1702260
1697267,1305509,1608647,1684479,1783205,1640354,1686065,1710726,1447091,1468685,1598239,1402656,1375892,1651083,1538577,1600449,1590122,1347687,1676625,1483210,1500308,1685443,1709158,1422461,1523150,1506122,1594544,1572756,1488427,1613178,1736483,1571668,1796882,1522993,1586136,1474973,1675074,1656045,1585942,1500827,1507420,1629730,1736470,1297041,1438234,1706288,1579706,1454699,1748424,1785483,1738639,1535506,1561127,1578564,1545963,1608638,1530183,1621108,1551832,1612765,1611402,1449042,1460604,1638992,1622366,1628633,1654155,1616407,1424097,1799705,1625138,1647680,1773909,1450278,1604183,1673392,1555325,1481556,1513078,1548690,1413956,1366296,1681612,1593347,1679236,1653738,1546051,1685179,1612164,1523962,1628223,1555411,1703503,1731112,1775826,1680357,1671004,1428384,1656922,1669066
1752814,1589728,1636460,1679574,1870184,1666312,1669785,1841058,1365614,1650770,1706903,1430262,1429454,1772226,1606436,1697631,1588259,1402160,1735454,1704127,1660894,1747194,1721599,1553128,1538721,1592676,1590185,1537833,1608254,1717672,1779430,1557013,1721651,1639470,1478913,1690600,1660464,1766881,1604761,1530745,1504305,1710215,1705800,1479742,1653170,1644580,1617330,1478370,1742274,1831881,1825867,1634028,1728000,1513904,1621912,1605177,1512432,1618613,1619214,1677280,1756350,1625341,1569321,1708213,1685219,1657873,1762178,1769240,1632804,1817066,1631528,1584754,1747346,1640140,1617568,1801999,1620082,1574319,1503184,1772273,1754711,1498489,1808351,1575241,1739462,1766077,1731641,1711469,1615650,1719281,1778052,1677262,1880536,1744392,1729716,1724358,1686551,1735970,1614048,1684118
1836972,1734423,1781581,1883247,1966952,1857449,1818846,2044973,1632090,1760608,1735226,1589417,1535905,1930826,1715467,1894026,1786415,1510181,1929210,1776250,1685090,1936144,1924390,1676013,1678149,1796963,1672801,1732290,1626963,1759690,1951325,1650938,1884236,1757136,1640407,1760385,1860671,1954051,1691477,1750758,1704168,1817439,1949616,1483424,1682546,1864025,1731514,1563557,1921220,1994829,2072486,1778531,1744055,1709796,1754732,1818609,1633483,1795020,1663571,1796275,1904977,1647771,1585225,1985728,1833316,1799505,1947433,1824517,1763683,2017514,1891471,1739781,1955115,1718876,1755196,1915359,1741690,1596990,1724454,1902414,1746956,1678804,1953102,1715057,1935767,1885517,1927747,1838834,1755152,1804628,1846260,1726269,1935821,1929343,1865138,1824029,1921191,1741804,1784676,1725578
1662795,1481160,1503871,1636199,1832629,1669107,1633705,1797721,1423508,1626481,1652805,1394079,1434065,1624140,1608142,1570058,1606436,1437231,1792523,1709039,1431556,1786287,1684001,1560945,1373933,1564983,1592164,1422727,1639472,1698663,1798407,1653963,1794933,1530432,1584204,1513649,1716065,1799433,1585767,1464015,1455635,1615071,1692151,1455351,1572157,1571234,1552134,1377298,1731237,1751628,1816825,1581429,1642765,1577973,1771104,1586736,1408350,1597909,1673975,1666427,1710163,1611715,1466874,1660904,1726940,1688889,1786139,1533718,1468446,1881046,1624908,1588935,1745647,1604288,1585033,1731006,1618920,1588622,1549316,1740826,1657093,1456317,1805404,1674743,1727659,1762066,1741071,1591690,1648672,1661591,1684705,1615106,1809568,1751710,1744509,1678611,1682959,1514138,1639488,1673962
1715286,1409407,1544992,1628532,1680822,1776338,1569904,1780857,1559176,1517578,1670350,1504854,1418980,1688739,1514836,1630711,1635317,1346072,1675149,1618637,1539102,1682459,1591549,1490874,1542080,1518625,1624306,1555853,1541609,1592799,1797110,1689050,1639258,1429509,1474508,1595456,1651013,1707846,1633961,1510752,1484576,1601677,1621438,1450682,1372808,1714333,1557179,1485780,1633586,1732635,1757757,1571604,1553148,1498870,1542873,1536478,1390619,1620565,1508282,1766777,1752958,1608910,1532046,1666705,1614112,1624259,1651451,1623007,1444421,1746502,1508292,1710444,1723272,1570910,1547751,1768381,1608326,1529085,1539786,1666142,1664034,1485899,1727875,1623582,1686308,1752728,1530711,1670284,1504693,1631499,1611502,1662736,1843807,1712324,1756806,1636811,1677601,1679704,1562247,1668239
1648957,1470225,1692407,1719038,1814180,1712129,1710817,1779809,1408782,1535773,1666834,1395874,1490909,1654791,1530243,1681915,1531007,1347045,1854242,1658769,1580415,1550500,1770152,1529321,1489203,1598274,1518692,1500860,1548874,1629741,1847314,1599128,1775797,1557573,1517933,1583777,1721472,1678640,1577814,1557763,1502324,1645540,1638853,1399880,1518390,1732563,1597485,1480047,1601705,1785490,1820349,1690369,1628520,1525390,1611752,1592925,1497003,1710074,1628307,1712591,1655409,1466009,1646478,1658133,1726897,1640923,1670675,1696795,1554223,1808041,1660491,1591665,1735292,1555385,1590438,1742420,1571290,1476986,1590764,1690679,1670280,1441377,1735482,1551148,1771125,1737286,1617056,1555800,1475750,1596607,1668956,1662583,1812939,1669758,1661004,1694363,1633700,1672783,1638052,1640995
1604785,1476457,1507155,1624836,1668422,1744536,1658369,1834013,1466302,1455870,1582386,1399106,1375120,1685275,1487841,1557423,1535202,1310172,1667358,1655229,1550502,1555882,1674381,1391310,1466848,1521371,1501569,1511723,1472275,1558599,1722114,1640018,1745112,1457985,1480051,1513281,1714562,1730334,1548519,1504636,1509917,1500819,1638169,1423970,1404696,1708143,1481629,1444561,1473920,1602713,1736522,1599645,1543392,1543938,1425098,1629600,1347929,1563583,1499104,1629642,1652541,1511116,1549982,1549901,1574053,1633761,1625617,1706069,1443175,1806601,1542864,1620491,1689603,1488245,1593392,1754770,1573212,1408801,1421953,1577540,1584116,1401006,1710294,1522980,1591343,1767404,1550166,1586558,1391804,1533727,1645443,1592639,1775827,1638977,1689839,1597835,1742182,1593079,1623404,1673516
1628870,1399558,1440368,1377328,1588308,1584449,1479315,1725884,1333407,1363422,1462954,1457011,1342737,1555793,1401150,1452511,1498755,1253965,1578295,1470121,1404338,1606793,1618520,1372966,1420679,1476468,1379199,1512541,1376288,1462307,1638631,1456171,1540427,1367358,1370978,1387106,1527143,1631062,1509742,1385775,1437943,1379489,1536971,1249658,1336871,1570641,1365771,1329572,1551860,1538755,1669108,1616041,1494764,1426871,1505693,1399055,1333987,1494900,1428034,1549271,1582686,1466343,1357821,1527459,1525626,1435546,1610305,1495058,1462017,1584696,1487138,1469661,1642245,1365961,1335984,1528386,1460208,1364833,1361117,1514131,1527947,1245471,1576230,1450639,1632062,1671084,1527265,1560383,1500045,1486498,1583239,1540304,1676784,1562974,1458957,1451686,1578680,1483033,1499599,1493862
1642799,1511826,1401760,1433574,1537106,1539900,1605593,1540562,1366979,1393644,1568632,1324057,1209302,1511710,1392907,1530553,1528301,1298669,1648114,1495881,1407622,1457230,1499686,1341563,1312242,1461235,1424174,1321637,1449449,1358386,1545694,1451199,1493229,1449627,1297829,1454409,1449432,1674390,1480252,1365188,1371834,1494213,1542254,1380446,1389767,1500566,1414658,1376081,1539080,1661222,1615834,1455255,1501357,1469374,1403740,1394176,1339131,1518836,1333600,1489128,1597882,1506130,1336934,1478348,1500708,1512342,1540330,1497988,1397828,1559676,1522419,1518259,1607051,1481512,1403555,1578952,1575510,1436492,1271156,1527367,1498084,1358900,1575905,1494962,1499020,1641112,1452450,1590269,1421721,1530332,1520978,1533931,1641371,1577352,1513498,1472929,1485583,1481358,1514902,1501901
1613582,1395995,1474963,1536959,1679927,1613106,1568287,1614906,1380766,1399798,1551862,1284456,1363216,1585614,1397997,1488676,1532326,1298949,1587256,1486771,1436831,1614238,1545759,1385237,1476482,1419534,1403956,1424560,1393779,1476383,1671670,1448731,1587735,1513158,1452203,1486450,1497824,1646041,1462482,1353586,1450874,1580709,1505203,1229114,1336177,1534779,1404149,1239969,1624199,1594382,1642350,1494373,1539514,1333601,1442450,1557397,1372489,1540041,1387702,1480445,1539907,1499259,1347514,1518931,1586915,1479159,1503128,1498199,1512138,1640841,1507988,1473748,1572432,1414035,1435322,1612976,1554421,1340889,1269523,1629829,1515976,1273088,1610341,1553756,1666638,1559316,1449428,1574481,1314339,1625636,1564520,1585829,1665422,1638501,1556684,1622096,1608678,1517381,1511637,1646364
1595182,1497048,1540138,1544335,1717557,1538750,1571655,1741016,1457826,1548317,1595598,1482638,1435582,1554938,1509564,1549561,1566599,1312199,1630902,1662562,1534638,1514579,1728536,1454974,1489882,1539091,1482016,1604705,1349963,1554935,1708586,1482891,1620280,1538825,1408985,1400283,1524275,1628587,1513001,1582840,1493545,1599901,1541134,1384157,1372275,1565685,1423917,1478360,1558460,1602597,1672904,1503271,1619083,1380418,1512769,1485152,1435888,1599885,1511359,1560281,1664033,1468173,1492579,1518891,1626243,1446962,1589883,1571714,1446290,1645098,1535617,1661516,1761133,1472679,1522386,1680247,1533233,1429672,1396618,1628630,1534536,1369155,1591990,1494995,1693975,1570425,1553427,1502938,1443052,1497877,1549596,1583912,1722248,1642022,1651444,1643184,1601759,1631880,1552241,1537267
1563227,1441172,1447393,1484318,1584198,1566727,1497977,1569053,1370730,1439671,1471334,1314783,1373550,1485949,1430072,1452303,1462747,1262216,1547509,1468054,1431824,1592629,1489180,1415169,1368803,1465969,1436434,1432089,1324579,1380327,1687346,1390888,1593927,1471390,1434003,1590477,1457592,1585259,1468692,1462101,1328727,1545483,1490839,1204891,1387905,1578349,1455622,1310527,1519587,1604699,1573322,1590457,1503749,1362460,1427504,1584663,1336769,1545515,1462763,1563181,1631894,1401654,1405511,1554926,1533696,1478604,1511620,1513137,1398352,1685503,1429189,1511116,1604712,1479213,1372045,1614634,1503886,1362683,1370497,1501670,1512602,1303426,1467255,1349830,1608144,1624193,1420341,1515651,1371466,1550126,1359556,1490044,1624633,1563938,1684412,1434478,1606049,1473094,1535196,1486344
1842980,1535407,1633941,1579591,1782135,1659892,1766719,1966451,1478039,1703117,1620829,1557996,1391453,1738240,1528567,1788457,1632194,1389789,1716014,1713703,1567788,1680076,1803074,1509602,1542585,1601610,1576813,1497951,1667620,1587227,1811074,1619441,1735685,1623322,1525254,1548849,1614924,1720299,1645682,1475767,1626561,1623509,1685987,1356541,1516851,1714060,1635891,1477844,1728845,1827609,1841250,1701481,1563607,1499930,1660459,1658860,1501330,1588565,1577515,1760891,1797980,1609206,1539028,1726277,1729500,1635447,1788142,1711104,1508153,1853464,1560253,1644768,1811650,1613355,1644780,1815451,1612412,1484699,1513681,1740647,1711446,1467845,1639035,1614455,1711951,1869128,1615609,1715695,1568755,1627494,1734974,1756572,1916321,1759255,1664636,1738240,1722923,1693989,1690274,1717248
1629929,1496178,1438640,1593133,1742832,1626879,1589364,1816209,1416599,1508857,1623578,1348833,1554657,1533492,1486424,1553498,1627088,1362905,1663370,1693623,1586008,1648490,1624434,1469079,1466377,1574585,1591734,1469411,1580762,1517374,1863563,1553142,1646627,1510702,1522136,1636922,1573411,1649309,1674228,1379629,1495217,1586171,1552478,1392852,1607598,1608936,1413784,1425231,1644341,1741645,1700830,1637256,1692602,1466797,1552461,1608086,1461672,1592582,1492931,1646387,1659991,1584934,1395075,1552160,1738895,1699253,1755891,1628805,1462224,1754937,1661959,1622385,1634463,1509229,1583765,1760822,1629761,1373994,1438906,1625735,1700301,1507374,1724633,1532222,1756591,1747856,1502136,1612461,1526270,1605004,1627584,1619681,1781048,1786724,1595126,1492415,1697092,1670696,1667029,1663877
1483724,1250441,1368336,1480707,1546067,1562511,1503379,1651670,1267393,1495292,1525281,1267958,1297519,1514056,1383845,1460882,1477847,1252218,1589002,1325645,1385061,1523204,1589818,1325893,1313849,1361451,1451542,1473983,1362903,1545594,1672421,1391633,1534789,1421496,1342442,1388708,1425224,1617151,1454896,1497520,1398786,1488903,1572775,1332111,1300085,1412499,1348680,1311066,1504455,1634380,1515818,1459825,1330346,1389278,1443745,1435608,1268691,1409227,1404001,1389670,1556278,1357802,1282036,1495073,1462069,1419772,1531907,1525442,1324458,1645603,1381379,1490765,1600951,1354200,1447018,1548313,1446739,1323801,1311885,1468800,1442247,1318222,1493202,1455500,1485513,1489505,1435402,1405264,1383060,1492715,1437635,1450395,1488211,1631806,1604168,1388760,1582219,1439948,1458567,1525642
1606688,1534289,1533130,1708414,1790684,1649103,1694796,1807729,1553362,1593153,1642092,1449899,1410617,1600480,1525699,1581692,1556290,1420736,1797744,1664432,1515304,1774944,1711674,1580137,1534877,1491528,1566560,1516815,1461466,1607863,1840553,1515208,1690047,1638270,1467445,1473534,1715075,1742778,1482814,1529292,1524949,1642007,1567334,1527149,1513245,1681948,1559150,1392381,1546922,1755700,1653507,1558788,1527514,1536160,1617581,1659657,1425161,1572971,1647633,1704511,1690228,1538361,1471277,1669225,1756842,1683877,1621666,1635711,1506035,1840849,1538207,1675533,1770881,1637210,1596587,1791995,1663171,1529376,1460116,1674901,1525534,1418348,1736106,1489079,1632817,1732932,1650202,1687141,1537601,1708511,1670162,1642541,1787189,1689879,1739838,1638454,1667707,1568456,1571016,1605207
1568523,1377462,1412739,1484677,1616497,1572329,1488868,1701310,1345317,1560207,1636419,1424597,1219110,1534207,1406414,1566705,1539469,1344741,1617831,1413133,1359849,1530444,1675229,1415454,1452870,1417254,1445941,1428947,1434180,1505662,1637392,1502293,1511224,1444207,1408440,1360933,1525843,1612921,1456649,1425433,1419616,1427855,1592534,1377055,1277043,1467960,1476407,1336321,1588852,1593116,1640818,1506536,1380820,1440482,1572427,1388773,1342362,1497108,1495911,1608444,1563776,1454302,1382874,1527498,1542054,1554319,1602283,1409322,1435283,1598079,1548968,1629067,1717818,1469853,1446911,1596650,1445059,1392954,1377699,1530643,1479314,1401115,1564171,1612463,1567275,1610672,1444058,1461279,1419476,1551370,1542686,1558351,1681585,1621691,1606148,1536710,1563954,1528926,1509915,1565299
1726079,1558353,1555533,1774656,1802895,1767278,1588581,1884928,1547129,1668058,1731339,1529568,1532631,1707219,1599914,1736131,1718200,1448163,1748316,1611027,1638740,1629794,1728515,1553004,1563811,1724687,1512106,1523735,1600541,1718228,1852898,1658905,1755589,1576999,1559114,1616129,1647758,1872560,1586094,1616931,1575000,1696521,1728575,1518344,1627816,1837635,1650681,1456114,1642516,1776994,1775261,1764906,1552221,1552517,1672821,1698481,1448627,1685774,1691370,1725173,1785662,1523687,1470685,1647052,1786128,1666316,1770560,1688094,1508579,1926787,1620708,1686798,1818975,1642186,1688221,1812029,1719619,1545533,1509755,1703867,1659033,1608606,1826988,1623348,1701318,1880406,1631899,1688060,1466235,1742111,1740384,1612679,1871347,1723424,1832133,1674663,1746666,1669952,1677199,1708937
1614093,1252252,1537582,1554024,1648834,1553468,1535171,1693348,1256525,1480908,1546563,1339476,1338421,1469973,1391039,1459685,1557123,1341446,1642800,1556462,1468752,1602903,1509638,1386135,1423969,1489144,1415586,1343208,1393798,1566384,1659782,1403157,1607742,1403910,1443984,1457782,1542670,1745009,1422592,1334686,1453833,1510701,1476628,1317855,1446549,1405109,1467983,1323636,1577343,1644039,1629830,1657466,1479657,1353996,1604462,1358222,1317599,1532710,1467193,1589460,1628161,1579684,1306603,1570759,1532595,1434333,1674024,1488106,1535050,1644199,1483519,1432827,1606471,1480046,1445381,1528110,1572238,1348085,1507150,1646229,1605063,1326566,1530399,1527108,1578959,1638996,1469138,1644460,1413205,1608876,1621921,1502808,1758974,1623022,1546605,1497806,1590936,1610563,1472567,1588956
1849859,1562875,1533876,1575087,1859344,1767410,1700591,1824817,1533431,1662205,1686762,1517362,1425308,1691406,1691200,1577191,1612090,1324877,1837112,1734534,1540753,1743562,1784416,1597621,1569448,1649113,1611089,1553409,1576227,1608862,1786019,1659675,1766860,1641448,1562056,1481338,1786951,1769381,1631194,1503203,1575171,1709710,1752884,1538409,1531358,1684534,1452679,1510826,1685137,1746824,1848063,1599436,1682956,1572073,1743964,1552876,1415348,1602055,1618867,1668676,1851501,1665607,1535168,1666317,1733188,1666589,1669332,1614186,1540030,1743774,1663429,1692289,1766089,1636430,1539950,1841968,1746428,1579141,1481393,1681892,1595151,1543885,1794805,1576538,1740275,1738311,1677589,1669785,1591089,1726508,1719910,1590693,1759054,1773385,1650202,1740544,1669834,1557609,1815783,1684098
1732592,1633067,1638015,1732206,1886364,1814427,1701960,1997168,1612966,1694220,1841192,1582259,1534981,1794252,1618568,1675221,1749627,1527978,1768545,1913224,1669402,1816188,1779151,1651658,1574715,1630872,1600212,1616981,1755568,1687147,1864375,1664346,1836402,1739179,1653484,1641624,1916757,1871196,1687605,1646163,1668983,1749799,1737160,1575767,1662517,1726273,1607653,1532809,1706103,1783263,1795103,1700829,1660428,1677490,1724375,1719826,1506345,1715355,1690634,1797690,1785703,1648999,1525688,1830222,1819271,1742594,1827138,1809754,1685326,1830953,1672022,1777904,1872743,1640246,1687652,1906318,1684342,1529839,1601251,1842059,1744920,1571011,1858841,1694695,1774371,1910337,1686774,1725767,1605029,1758298,1814907,1733454,1958085,1852755,1738892,1681752,1769427,1759530,1744314,1716728
1920686,1540324,1661190,1754566,1938470,1793991,1702789,1950710,1458002,1734823,1739415,1585548,1573628,1720798,1684001,1748913,1747265,1499209,1822158,1783591,1634474,1783402,1883464,1648179,1628932,1708322,1684862,1607752,1634093,1746837,1909199,1747923,1788440,1650790,1745395,1708506,1816954,1872911,1796958,1518594,1701076,1722624,1840843,1556497,1679875,1712826,1624795,1508747,1788642,1912035,1836324,1831686,1655959,1598194,1707419,1594578,1517851,1807219,1612526,1774789,1868599,1682376,1568150,1748793,1788236,1735304,1790560,1801940,1602370,1883765,1611081,1744391,1801414,1651478,1763802,1820930,1751372,1686176,1673197,1830052,1875438,1589974,1808446,1684720,1785883,1850058,1720260,1776883,1624283,1715052,1887229,1781343,1932262,1912982,1885509,1683831,1801991,1736588,1865377,1800223
1714885,1401553,1575972,1564824,1726615,1594271,1657469,1649892,1376243,1505722,1547057,1344992,1290932,1611893,1528020,1713386,1574636,1228036,1648097,1590507,1528021,1636916,1669379,1460297,1473164,1514301,1501589,1485329,1418381,1526558,1704321,1559359,1703562,1459181,1432877,1467872,1597546,1647256,1554043,1431352,1467593,1643222,1588472,1413864,1520825,1547686,1586998,1419555,1655456,1743438,1681909,1645335,1624007,1379284,1535098,1522853,1531842,1708594,1541013,1627034,1741473,1599830,1440040,1627903,1553593,1607430,1593051,1592398,1482848,1752544,1578559,1570930,1685736,1620048,1532937,1666677,1555989,1478792,1567254,1696010,1479303,1363691,1641687,1566227,1693151,1648892,1542336,1674583,1569949,1651804,1657250,1572893,1712255,1610465,1598270,1590252,1539040,1543537,1575752,1584619
1819026,1647335,1650864,1806753,1888090,1853484,1865728,1865111,1541318,1684575,1889083,1491735,1557159,1773389,1676112,1755118,1688931,1379241,1908617,1793829,1712962,1740503,1885640,1683211,1710396,1698116,1700099,1597249,1614937,1765437,1974985,1788546,1939920,1683632,1687122,1702865,1705694,1780202,1699060,1698760,1652452,1816413,1804310,1574174,1533015,1859397,1618878,1628119,1837672,1883621,1944286,1854098,1781769,1524865,1683945,1676867,1589573,1717762,1802340,1834623,1838677,1629590,1607491,1715722,1757657,1720257,1818100,1858936,1605780,1999057,1637603,1742412,1854495,1661263,1737406,1921640,1750319,1709653,1643833,1745367,1789977,1560184,1803547,1752291,1784221,1870618,1752323,1705500,1637315,1790739,1770529,1696554,1972715,1875864,1876408,1757422,1821419,1696174,1791858,1785287
1585546,1313482,1414005,1460544,1612769,1530483,1481746,1606539,1288768,1501561,1441363,1319586,1273612,1527132,1443407,1534294,1501948,1257828,1498389,1429130,1440397,1561297,1508015,1411768,1381942,1495983,1449767,1279540,1421516,1529478,1658155,1483184,1547118,1377974,1394551,1407827,1509766,1595906,1496820,1248226,1356636,1507907,1540194,1295965,1486350,1487528,1408447,1313891,1616632,1571162,1547923,1493100,1481489,1360276,1478878,1429280,1317079,1402869,1482799,1542821,1488873,1431163,1382817,1473227,1515274,1507173,1594980,1549511,1377982,1580726,1464388,1453510,1568016,1396042,1410889,1572725,1491929,1387989,1286808,1489744,1605819,1355128,1582901,1459450,1445137,1501176,1407167,1553904,1400144,1478693,1547634,1570884,1619533,1556601,1575026,1494802,1515679,1421870,1455733,1487949
1681564,1484716,1465995,1564418,1659524,1707437,1506318,1703309,1370175,1609205,1642238,1409039,1322024,1598589,1534532,1541076,1586280,1357167,1672039,1556122,1451620,1607016,1670504,1454978,1414910,1536265,1478146,1510682,1494755,1544327,1710609,1481425,1695867,1475522,1493269,1555061,1643327,1624646,1476455,1484116,1442304,1622141,1609015,1400287,1389025,1615644,1489229,1353596,1547259,1607616,1760389,1600034,1514401,1480656,1552305,1577308,1427257,1561141,1660298,1597858,1678536,1445387,1449597,1621195,1568153,1634376,1692121,1561731,1469102,1661822,1560426,1589345,1756131,1566067,1503021,1669817,1539064,1406377,1402016,1624571,1585439,1375187,1670318,1628834,1659933,1625943,1576266,1572375,1484932,1581058,1532636,1517453,1657305,1737074,1736277,1682712,1636058,1502752,1558134,1597227
1804067,1622560,1659010,1546022,1811534,1762576,1552140,1880162,1540030,1653307,1708171,1466058,1453003,1697110,1469514,1708178,1593321,1327715,1726683,1614312,1579667,1762994,1828274,1599404,1570624,1531260,1617661,1592118,1594412,1668560,1816287,1614205,1768107,1627682,1525337,1593823,1716452,1788149,1542331,1564573,1525679,1601545,1719935,1513996,1525265,1675777,1610984,1418895,1682485,1776652,1720850,1665679,1595543,1541139,1556813,1692869,1483302,1603936,1570765,1660661,1694228,1484084,1590411,1698015,1628779,1552949,1659013,1700507,1547963,1751068,1633291,1688981,1865078,1653497,1539654,1778354,1701488,1456394,1437874,1594761,1658115,1491740,1757161,1610273,1657626,1779875,1642921,1699989,1458521,1611337,1716315,1679671,1940441,1693553,1694987,1642947,1698726,1552231,1636709,1701549
1659937,1536914,1598106,1661865,1780045,1687900,1647051,1797498,1414073,1613730,1592995,1531382,1409711,1595183,1555858,1679590,1516684,1338365,1670104,1581213,1622381,1621305,1710404,1567467,1538469,1599705,1547412,1577980,1441318,1526719,1744690,1538453,1602174,1565073,1483449,1623455,1667317,1735341,1674462,1522075,1550758,1636238,1693004,1396202,1530773,1660416,1557101,1537329,1662191,1716284,1770856,1634451,1634297,1473682,1531817,1512283,1525175,1650228,1577071,1659441,1746590,1539820,1448299,1749638,1677953,1671853,1713197,1778038,1543225,1751656,1632160,1761637,1693674,1523366,1565471,1756505,1589566,1489477,1448352,1672223,1602529,1460004,1654065,1494000,1708271,1774361,1516216,1612498,1507560,1499807,1686658,1621014,1760109,1677716,1680640,1595877,1698569,1688525,1635526,1616931
1750261,1530511,1490156,1552871,1681032,1686852,1605283,1783056,1432797,1461448,1665764,1418603,1315443,1669487,1579711,1435443,1579289,1357357,1642255,1641392,1463735,1697529,1650018,1449770,1591014,1484766,1540699,1445002,1430483,1596766,1700297,1524147,1618041,1575056,1531872,1536966,1661983,1737822,1605536,1460941,1518872,1535263,1585540,1355693,1537056,1582955,1479330,1379089,1641739,1586753,1733910,1641852,1626988,1437908,1635809,1549211,1319224,1469669,1521721,1599338,1753937,1572726,1470470,1625747,1617963,1414739,1611570,1684480,1625848,1698617,1508690,1529940,1695849,1513378,1490290,1710765,1647579,1466497,1444250,1643581,1527772,1404833,1589182,1434438,1649711,1720607,1545473,1548219,1619454,1588010,1548656,1642159,1787706,1713904,1680181,1442634,1618950,1647557,1570670,1661032
1505641,1269779,1414017,1406192,1641443,1441561,1503191,1519772,1296973,1367393,1487204,1364135,1267035,1478264,1369795,1390039,1450678,1209347,1484715,1380256,1378991,1516591,1565994,1400531,1317175,1379367,1407355,1446408,1484176,1386565,1555250,1368141,1645518,1370869,1395455,1375687,1455574,1452606,1441343,1245885,1325683,1524194,1410242,1195075,1386231,1430503,1349003,1239391,1493368,1543238,1551321,1444796,1441468,1337345,1425251,1457036,1411652,1339667,1437775,1430494,1551914,1343804,1360882,1469150,1400239,1573381,1568241,1502659,1293023,1486971,1446532,1434087,1547496,1347565,1398944,1655021,1446204,1386140,1304499,1398226,1485888,1092294,1584434,1473422,1611445,1611967,1485153,1461142,1449126,1522860,1425585,1515047,1665499,1511966,1526068,1587945,1532087,1455270,1346096,1532276
1608251,1295375,1371448,1365241,1599465,1562254,1576037,1632388,1273070,1401409,1457557,1306522,1226530,1495262,1335742,1418960,1451595,1228716,1541899,1468439,1348645,1386646,1496772,1363596,1263289,1408222,1476156,1358031,1272112,1482483,1640997,1398801,1453097,1407142,1359895,1482102,1478513,1600316,1433147,1277564,1379325,1486404,1483362,1243001,1380256,1452887,1384579,1198181,1466089,1656585,1526655,1463553,1481314,1334660,1465953,1413535,1276395,1421640,1391032,1528205,1585033,1392040,1271900,1499505,1521107,1548571,1520392,1402764,1399571,1595082,1491267,1426538,1515757,1505203,1343492,1531016,1560915,1359764,1313683,1615633,1405571,1239869,1568571,1449961,1562897,1455987,1489426,1471609,1313823,1541658,1436782,1400883,1586352,1506537,1515329,1470832,1456500,1445571,1568141,1395429
1750008,1413561,1598663,1612037,1773567,1633807,1510156,1827448,1414710,1595792,1579973,1486756,1380255,1556287,1593940,1567668,1554312,1289079,1672919,1434923,1430981,1638535,1651171,1465402,1519734,1457092,1502327,1494062,1507731,1550496,1674992,1475748,1568579,1534543,1499323,1495946,1687240,1661843,1498075,1467947,1438874,1609018,1660104,1453628,1362453,1638169,1532073,1385606,1626371,1701953,1712542,1555539,1505357,1452118,1582019,1522951,1344904,1481759,1564176,1640275,1555438,1543463,1379794,1573798,1602265,1455568,1537834,1636664,1553174,1585701,1554769,1616861,1698261,1495443,1571158,1576036,1482387,1459551,1465975,1626697,1503881,1419455,1600902,1430642,1641416,1636735,1582011,1574835,1577337,1523642,1612793,1595895,1674623,1646216,1618058,1577274,1548525,1632229,1578940,1591132
1850322,1535748,1488468,1711998,1906099,1801941,1582302,1847240,1518481,1700638,1715386,1495221,1519294,1705385,1540075,1760430,1658402,1436460,1789018,1643514,1565350,1835058,1685173,1640546,1661940,1590338,1616338,1603393,1609504,1691523,1843635,1574734,1739307,1645745,1630123,1629035,1811655,1760732,1628959,1542502,1577519,1742175,1677798,1532658,1634617,1659568,1567588,1465253,1758068,1771378,1762469,1654506,1623471,1533434,1685625,1639857,1489526,1725104,1585546,1666148,1813323,1500156,1527052,1699964,1763560,1702691,1797574,1659793,1566739,1789984,1623187,1687385,1897208,1683165,1575319,1800654,1766680,1534283,1541123,1800053,1593691,1562375,1845823,1639623,1748146,1774763,1673328,1676095,1569472,1728793,1771868,1575483,1873094,1719021,1737117,1596540,1663266,1509769,1710466,1663610
1630496,1269638,1391791,1431931,1591454,1548608,1563514,1664584,1357792,1543747,1507265,1302599,1233455,1580857,1375051,1470400,1389350,1236380,1659975,1553994,1362915,1530490,1617053,1375877,1317235,1353777,1463608,1406494,1472185,1459263,1674442,1461998,1636732,1493909,1430300,1385355,1585264,1532910,1479448,1321050,1412417,1494150,1494328,1259081,1286494,1576924,1332952,1315232,1584013,1663724,1673423,1455430,1456613,1389789,1470106,1412597,1434958,1361888,1377126,1524921,1473142,1438689,1351766,1594921,1577049,1482287,1613576,1490907,1392432,1677734,1472006,1521589,1645067,1357881,1523642,1659187,1379288,1398005,1403942,1476383,1402014,1335738,1499507,1524585,1457266,1618031,1540865,1515156,1541642,1417137,1564971,1500287,1577824,1678736,1537505,1580731,1538022,1391168,1566692,1469341
1648509,1435318,1493445,1476179,1696997,1695439,1510417,1739966,1465462,1471045,1603068,1394362,1337336,1634478,1503224,1511813,1554781,1295614,1651939,1551838,1443777,1563921,1682492,1380135,1378006,1556496,1557159,1453140,1484127,1487668,1756113,1479517,1707368,1522574,1520970,1470487,1683213,1706226,1552330,1400191,1453475,1555383,1546725,1388508,1540980,1587797,1337766,1359225,1605457,1645737,1680493,1662505,1575151,1424945,1510521,1580571,1344896,1341099,1438623,1595169,1637012,1467538,1420347,1636902,1537918,1479264,1528530,1601185,1410533,1652681,1538628,1518790,1597474,1477525,1494746,1747094,1584809,1458235,1408438,1535681,1627187,1356721,1773186,1566502,1510291,1678378,1529091,1555779,1473697,1558169,1496646,1601457,1640352,1726710,1618300,1554821,1695573,1438852,1533810,1666572
1679887,1502232,1632431,1670137,1848616,1824009,1739535,1865322,1493640,1591801,1782093,1472154,1402332,1749885,1572006,1638248,1696580,1502919,1820710,1744852,1636327,1685455,1756757,1546143,1569759,1594536,1563821,1558460,1594722,1649100,1924385,1607916,1821708,1639243,1575157,1566131,1755411,1799992,1712821,1620686,1618448,1739587,1728263,1516046,1624848,1693464,1584200,1462537,1711224,1776636,1777034,1748408,1704827,1624713,1716831,1658835,1510430,1686214,1726047,1697811,1677716,1647987,1553514,1686479,1742138,1732822,1749528,1708798,1527883,1853218,1687151,1677649,1818267,1540539,1594868,1824314,1667600,1497556,1545562,1735117,1688827,1504748,1782040,1689578,1785928,1769490,1652744,1618279,1571343,1714637,1696727,1698419,1943226,1714865,1689853,1698539,1810041,1679749,1693596,1741199
1870979,1679882,1697747,1857871,1891478,1862390,1775368,2090946,1589671,1743018,1861574,1626699,1537580,1884772,1679345,1805736,1945198,1527671,1872764,1735276,1673541,1735134,1906684,1604702,1694865,1854519,1739526,1697412,1672225,1765161,1933709,1762899,1855309,1679426,1665747,1713148,1843172,1871245,1805839,1700670,1770010,1786380,1925779,1646684,1555982,1888705,1686349,1593352,1824018,1910334,1836345,1718063,1722444,1653575,1784627,1749804,1510944,1779039,1693446,1820190,1873776,1674730,1542601,1839483,1794205,1757573,1817763,1778236,1715085,1932492,1748148,1797993,1937328,1648914,1759575,1832448,1730428,1581677,1681196,1917908,1800189,1610751,1928814,1766724,1904153,1841542,1796924,1795847,1652671,1722323,1798134,1839483,1973116,1915639,1765913,1848732,1794612,1836436,1801654,1800416
